classification,category,n
NO,travel_lifestyle,99720
NO,community_platform,66119
NO,other_noise,46221
NO,personal,30197
NO,gaming,28434
NO,entertainment,23404
NO,crypto_finance,21725
NO,non_us_politics,7316
NO,technology,6309
NO,domestic_policy,122
NO,foreign_policy,66
NO,political_commentary,13
NO,biden_administration,1
YES,political_commentary,579
YES,election_campaign,250
YES,domestic_policy,232
YES,foreign_policy,146
YES,election_fraud,91
YES,political_violence,88
YES,trump_administration,72
YES,other_political,45
YES,biden_administration,28
