category,n_posts_in_category,variable,n,mean,sd,min,p1,q1,median,q3,p95,p99,max,pct_zero,skewness,kurtosis
biden_administration,28,net_votes,28,20.179,33.812,-2.0,-1.73,0.0,2.0,31.0,85.35,121.93,133.0,28.57,2.0,3.824
biden_administration,28,children,28,1.214,2.283,0.0,0.0,0.0,0.0,1.25,5.3,8.92,10.0,60.71,2.653,7.88
biden_administration,28,payout_combined,28,1.61,4.047,0.0,0.0,0.0,0.0,0.502,6.669,16.026,19.441,57.14,3.564,14.372
domestic_policy,232,net_votes,232,35.31,65.801,-1.0,-1.0,0.0,6.0,44.0,156.15,263.39,534.0,28.88,3.897,21.706
domestic_policy,232,children,232,2.259,5.144,0.0,0.0,0.0,0.0,2.0,12.0,21.69,36.0,60.34,3.463,14.074
domestic_policy,232,payout_combined,232,1.43,3.548,0.0,0.0,0.0,0.059,0.913,6.738,18.586,27.028,45.69,4.149,20.558
election_campaign,250,net_votes,250,47.592,91.248,-3.0,-1.0,0.0,2.0,51.5,248.0,370.57,595.0,35.2,2.941,10.726
election_campaign,250,children,250,3.132,9.121,0.0,0.0,0.0,0.0,1.0,22.55,47.55,70.0,66.0,4.325,21.022
election_campaign,250,payout_combined,250,0.872,2.308,0.0,0.0,0.0,0.0,0.54,4.374,7.375,23.82,53.2,5.981,49.015
election_fraud,91,net_votes,91,59.264,68.833,-1.0,-0.1,2.5,30.0,95.5,218.0,279.1,298.0,8.79,1.392,1.821
election_fraud,91,children,91,3.154,7.82,0.0,0.0,0.0,0.0,2.0,14.5,39.6,54.0,52.75,4.464,23.641
election_fraud,91,payout_combined,91,1.44,2.643,0.0,0.0,0.0,0.108,1.998,6.238,13.022,13.44,28.57,2.574,7.685
foreign_policy,146,net_votes,146,36.363,72.64,-1.0,-0.55,1.0,4.0,31.0,164.5,379.75,420.0,22.6,3.399,13.193
foreign_policy,146,children,146,3.014,8.253,0.0,0.0,0.0,0.0,1.0,15.25,36.1,68.0,66.44,4.811,29.576
foreign_policy,146,payout_combined,146,1.397,4.294,0.0,0.0,0.0,0.0,0.349,7.078,20.399,35.91,50.68,5.29,33.846
other_political,45,net_votes,45,64.022,126.069,0.0,0.0,1.0,12.0,73.0,272.4,578.24,591.0,24.44,3.31,11.422
other_political,45,children,45,1.956,5.414,0.0,0.0,0.0,0.0,1.0,9.0,24.52,32.0,60.0,4.471,22.521
other_political,45,payout_combined,45,1.708,3.1,0.0,0.0,0.0,0.082,2.882,6.381,12.604,15.404,40.0,2.535,7.967
political_commentary,579,net_votes,579,56.244,111.584,-12.0,-1.0,1.0,11.0,79.5,228.2,601.1,854.0,14.16,4.022,20.149
political_commentary,579,children,579,2.934,7.469,0.0,0.0,0.0,0.0,2.0,15.0,42.0,68.0,59.24,4.525,25.208
political_commentary,579,payout_combined,579,1.775,3.966,0.0,0.0,0.0,0.055,1.621,8.494,17.718,31.736,44.56,4.09,21.936
political_violence,88,net_votes,88,48.67,94.102,-1.0,-1.0,0.0,2.0,66.25,185.7,466.55,497.0,30.68,3.162,11.396
political_violence,88,children,88,3.557,12.397,0.0,0.0,0.0,0.0,2.0,16.15,50.8,103.0,63.64,6.556,49.347
political_violence,88,payout_combined,88,1.817,5.694,0.0,0.0,0.0,0.0,1.747,5.403,28.807,42.225,57.95,5.502,33.682
trump_administration,72,net_votes,72,43.639,71.407,-1.0,-1.0,0.0,13.0,55.5,140.65,292.16,437.0,27.78,2.935,12.342
trump_administration,72,children,72,1.5,3.849,0.0,0.0,0.0,0.0,1.25,5.9,17.06,27.0,62.5,4.852,28.285
trump_administration,72,payout_combined,72,1.977,3.211,0.0,0.0,0.0,0.198,2.319,8.475,11.809,15.828,44.44,2.123,4.729
