sample,variable,n,mean,sd,min,p1,q1,median,q3,p95,p99,max,pct_zero,skewness,kurtosis
all,word_count,331178,437.539,1023.079,0.0,3.0,93.0,305.0,606.0,1311.0,2139.0,519894.0,0.53,395.58,200679.844
all,title_word_count,331178,7.795,4.791,0.0,1.0,5.0,7.0,10.0,16.0,23.0,51.0,0.69,1.443,4.438
all,body_length,331178,4108.863,7079.146,101.0,132.0,1370.0,2860.0,5107.0,11329.0,23792.0,2761986.0,0.0,180.777,69570.158
political,word_count,1531,424.478,545.132,1.0,1.0,79.0,246.0,565.0,1441.0,2401.2,5040.0,0.0,3.177,16.38
political,title_word_count,1531,8.632,5.128,0.0,1.0,5.0,8.0,12.0,17.0,22.0,37.0,0.2,0.767,1.854
political,body_length,1531,5848.061,10552.662,103.0,148.1,868.0,2300.0,5251.0,31264.0,58584.0,59108.0,0.0,3.57,13.546
non_political,word_count,329647,437.599,1024.779,0.0,3.0,93.0,305.0,607.0,1310.0,2138.0,519894.0,0.54,395.44,200277.374
non_political,title_word_count,329647,7.791,4.789,0.0,1.0,5.0,7.0,10.0,16.0,23.0,51.0,0.69,1.447,4.455
non_political,body_length,329647,4100.786,7058.051,101.0,131.0,1374.0,2862.0,5107.0,11299.0,23391.08,2761986.0,0.0,183.191,70733.041
