metric,value
posts_in_model3,6242
body_claims_before_filter,18300
asserted_body_claims_kept,16931
non_asserted_body_claims_removed_quoted_questioned_unclear,1369
blank_or_missing_stance_body_claims_removed,0
classified_body_claims_before_stance_filter,12159
classified_explicit_nonasserted_body_claims_removed,884
classified_blank_stance_body_claims_removed,0
asserted_classified_body_claims_after_stance_filter,11275
asserted_unverified_body_claims,5656
posts_with_any_asserted_body_claim,6141
posts_with_classified_body_claim_before_stance_filter,5424
posts_lost_specifically_due_to_asserted_only_filter,179
posts_with_asserted_body_but_no_classified_verdict,896
body_only_main_sample,5245
posts_dropped_from_body_main_sample,997
posts_with_any_asserted_title_claim,5016
posts_with_valid_title_classification,2081
posts_with_asserted_title_but_no_classified_verdict,2935
title_robustness_sample,1891
body_sample_posts_lost_when_title_is_required,3354
valid_title_misleading_0,1834
valid_title_misleading_1,247
title_measure_missing,4161
body_main_sample_posts_with_0_misleading_body_claims,3434
body_main_sample_posts_with_1_misleading_body_claims,1349
body_main_sample_posts_with_2_misleading_body_claims,344
body_main_sample_posts_with_3_misleading_body_claims,118
nonmissing_anger_within_body_main_sample,5245
nonmissing_disgust_within_body_main_sample,5245
nonmissing_fear_within_body_main_sample,5245
nonmissing_joy_within_body_main_sample,5245
nonmissing_sadness_within_body_main_sample,5245
nonmissing_surprise_within_body_main_sample,5245
nonmissing_valence_within_body_main_sample,5245
nonmissing_arousal_within_body_main_sample,5245
nonmissing_dominance_within_body_main_sample,5245
nonmissing_net_votes_within_body_main_sample,5245
nonmissing_reblogs_within_body_main_sample,5245
nonmissing_comments_within_body_main_sample,5245
nonmissing_upvotes_within_body_main_sample,5245
nonmissing_downvotes_within_body_main_sample,5245
nonmissing_distinct_voters_within_body_main_sample,5245
nonmissing_log_len_within_body_main_sample,5245
nonmissing_is_political_within_body_main_sample,5245
nonmissing_n_images_within_body_main_sample,5245
nonmissing_n_links_within_body_main_sample,5245
nonmissing_n_tags_within_body_main_sample,5245
nonmissing_is_weekend_within_body_main_sample,5245
nonmissing_log_pre_rewards_within_body_main_sample,5245
nonmissing_log_pre_curation_within_body_main_sample,5245
nonmissing_log_pre_posts_within_body_main_sample,5245
nonmissing_log_acct_age_within_body_main_sample,5245
